code,name,market,list_date
0050,元大台灣50,TWSE,2003-06-30
0051,元大中型100,TWSE,2006-08-31
0052,富邦科技,TWSE,2006-09-12
0053,元大電子,TWSE,2007-07-16
0055,元大MSCI金融,TWSE,2007-07-16
0056,元大高股息,TWSE,2007-12-26
0057,富邦摩台,TWSE,2008-02-27
0061,元大寶滬深,TWSE,2009-08-17
1101,台泥,TWSE,1962-02-09
1102,亞泥,TWSE,1962-06-08
1103,嘉泥,TWSE,1969-11-14
1104,環泥,TWSE,1971-02-01
1108,幸福,TWSE,1990-06-06
1109,信大,TWSE,1991-12-05
1110,東泥,TWSE,1994-10-22
1201,味全,TWSE,1962-02-09
1203,味王,TWSE,1964-08-24
1210,大成,TWSE,1978-05-20
1213,大飲,TWSE,1981-04-10
1215,卜蜂,TWSE,1987-07-27
1216,統一,TWSE,1987-12-28
1217,愛之味,TWSE,1989-10-28
1218,泰山,TWSE,1989-11-11
1219,福壽,TWSE,1990-12-01
1220,台榮,TWSE,1991-11-20
1225,福懋油,TWSE,1993-09-27
1227,佳格,TWSE,1994-04-09
1229,聯華,TWSE,1976-07-19
1231,聯華食,TWSE,1995-11-02
1232,大統益,TWSE,1996-02-09
1233,天仁,TWSE,1999-01-20
1234,黑松,TWSE,1999-03-12
1235,興泰,TWSE,2000-09-11
1236,宏亞,TWSE,2001-09-17
1256,鮮活果汁-KY,TWSE,2016-03-17
1301,台塑,TWSE,1964-07-27
1303,南亞,TWSE,1967-11-15
1304,台聚,TWSE,1972-05-20
1305,華夏,TWSE,1973-03-05
1307,三芳,TWSE,1985-11-23
1308,亞聚,TWSE,1986-06-20
1309,台達化,TWSE,1986-06-27
1310,台苯,TWSE,1987-08-06
1312,國喬,TWSE,1988-12-21
1313,聯成,TWSE,1989-03-27
1314,中石化,TWSE,1991-07-12
1315,達新,TWSE,1992-05-09
1316,上曜,TWSE,1992-10-15
1319,東陽,TWSE,1994-12-12
1321,大洋,TWSE,1999-01-26
1323,永裕,TWSE,2000-09-11
1324,地球,TWSE,2000-09-11
1325,恆大,TWSE,2000-09-11
1326,台化,TWSE,1984-12-20
1337,再生-KY,TWSE,2011-08-17
1338,廣華-KY,TWSE,2012-12-19
1339,昭輝,TWSE,2012-04-24
1340,勝悅-KY,TWSE,2014-01-14
1341,富林-KY,TWSE,2018-12-24
1342,八貫,TWSE,2020-11-24
1402,遠東新,TWSE,1967-04-14
1409,新纖,TWSE,1973-08-31
1410,南染,TWSE,1973-10-18
1413,宏洲,TWSE,1975-12-23
1414,東和,TWSE,1976-02-02
1416,廣豐,TWSE,1976-04-20
1417,嘉裕,TWSE,1976-12-28
1418,東華,TWSE,1977-02-14
1419,新紡,TWSE,1977-03-14
1423,利華,TWSE,1979-04-02
1432,大魯閣,TWSE,1982-07-26
1434,福懋,TWSE,1985-12-24
1435,中福,TWSE,1987-12-28
1436,華友聯,TWSE,1988-04-11
1437,勤益控,TWSE,1988-11-10
1438,三地開發,TWSE,1988-12-15
1439,雋揚,TWSE,1989-05-22
1440,南紡,TWSE,1989-10-03
1441,大東,TWSE,1989-10-27
1442,名軒,TWSE,1989-11-16
1443,立益物流,TWSE,1990-04-21
1444,力麗,TWSE,1990-08-08
1445,大宇,TWSE,1991-02-05
1446,宏和,TWSE,1991-10-15
1447,力鵬,TWSE,1992-01-28
1449,佳和,TWSE,1992-05-06
1451,年興,TWSE,1992-12-21
1452,宏益,TWSE,1992-12-28
1453,大將,TWSE,1993-04-19
1454,台富,TWSE,1993-05-07
1455,集盛,TWSE,1993-10-07
1456,怡華,TWSE,1993-12-09
1457,宜進,TWSE,1994-10-20
1459,聯發,TWSE,1994-10-26
1460,宏遠,TWSE,1995-04-28
1463,強盛新,TWSE,1996-12-05
1464,得力,TWSE,1997-01-18
1465,偉全,TWSE,1997-09-08
1466,聚隆,TWSE,1998-04-04
1467,南緯,TWSE,1998-12-21
1468,昶和,TWSE,1999-01-21
1470,大統新創,TWSE,1999-05-21
1471,首利,TWSE,2000-03-06
1472,三洋實業,TWSE,2000-09-11
1473,台南,TWSE,2000-09-11
1474,弘裕,TWSE,2000-10-31
1475,業旺,TWSE,2000-10-27
1476,儒鴻,TWSE,2001-04-18
1477,聚陽,TWSE,2003-01-21
1503,士電,TWSE,1969-12-15
1504,東元,TWSE,1973-11-05
1506,正道,TWSE,1980-08-11
1512,瑞利,TWSE,1994-01-28
1513,中興電,TWSE,1994-03-08
1514,亞力,TWSE,1994-03-26
1515,力山,TWSE,1995-02-04
1516,川飛,TWSE,1995-04-01
1517,利奇,TWSE,1995-11-14
1519,華城,TWSE,1997-04-16
1521,大億,TWSE,1997-10-06
1522,堤維西,TWSE,1997-10-06
1524,耿鼎,TWSE,1998-10-30
1525,江申,TWSE,1999-05-15
1526,日馳,TWSE,2000-03-27
1527,鑽全,TWSE,2000-06-21
1528,恩德,TWSE,2000-09-11
1529,樂事綠能,TWSE,2000-09-11
1530,亞崴,TWSE,2000-09-11
1531,高林股,TWSE,2000-09-11
1532,勤美,TWSE,2000-09-11
1533,車王電,TWSE,2001-04-06
1535,中宇,TWSE,2001-09-17
1536,和大,TWSE,2001-09-17
1537,廣隆,TWSE,2002-01-22
1538,正峰,TWSE,2002-08-26
1539,巨庭,TWSE,2002-10-29
1540,喬福,TWSE,2002-08-26
1541,錩泰,TWSE,2003-03-19
1558,伸興,TWSE,2014-12-23
1560,中砂,TWSE,2005-01-31
1563,巧新,TWSE,2024-05-13
1568,倉佑,TWSE,2014-05-14
1582,信錦,TWSE,2009-12-17
1583,程泰,TWSE,2008-01-24
1587,吉茂,TWSE,2018-04-16
1589,永冠-KY,TWSE,2012-04-27
1590,亞德客-KY,TWSE,2010-12-13
1597,直得,TWSE,2020-12-23
1598,岱宇,TWSE,2016-09-20
1603,華電,TWSE,1968-06-03
1604,聲寶,TWSE,1970-12-14
1605,華新,TWSE,1972-11-03
1608,華榮,TWSE,1988-07-11
1609,大亞,TWSE,1988-12-12
1611,中電,TWSE,1990-01-16
1612,宏泰,TWSE,1993-05-08
1614,三洋電,TWSE,1997-09-18
1615,大山,TWSE,2000-03-30
1616,億泰,TWSE,2000-09-11
1617,榮星,TWSE,2000-09-11
1618,合機,TWSE,2000-09-11
1626,艾美特-KY,TWSE,2013-03-21
1702,南僑,TWSE,1973-05-30
1707,葡萄王,TWSE,1982-12-20
1708,東鹼,TWSE,1986-06-16
1709,和益,TWSE,1986-07-03
1710,東聯,TWSE,1987-10-21
1711,永光,TWSE,1988-12-27
1712,興農,TWSE,1989-12-14
1713,國化,TWSE,1990-01-31
1714,和桐,TWSE,1991-08-30
1717,長興,TWSE,1994-03-31
1718,中纖,TWSE,1963-12-02
1720,生達,TWSE,1995-12-12
1721,三晃,TWSE,1996-05-16
1722,台肥,TWSE,1998-03-24
1723,中碳,TWSE,1998-11-27
1725,元禎,TWSE,2000-09-11
1726,永記,TWSE,2000-09-11
1727,中華化,TWSE,2000-09-11
1730,花仙子,TWSE,2001-09-17
1731,美吾華,TWSE,2001-09-17
1732,毛寶,TWSE,2001-09-17
1733,五鼎,TWSE,2001-09-17
1734,杏輝,TWSE,2002-08-26
1735,日勝化,TWSE,2002-08-26
1736,喬山,TWSE,2003-01-09
1737,臺鹽,TWSE,2003-11-18
1752,南光,TWSE,2022-01-19
1760,寶齡富錦,TWSE,2018-01-23
1762,中化生,TWSE,2010-12-20
1773,勝一,TWSE,2009-02-27
1776,展宇,TWSE,2016-05-09
1783,和康生,TWSE,2013-12-20
1786,科妍,TWSE,2013-11-12
1789,神隆,TWSE,2011-09-29
1795,美時,TWSE,2019-12-16
1802,台玻,TWSE,1973-07-20
1805,寶徠,TWSE,1989-10-20
1806,冠軍,TWSE,1992-09-29
1808,潤隆,TWSE,1994-10-26
1809,中釉,TWSE,1996-04-30
1810,和成,TWSE,1991-10-14
1817,凱撒衛,TWSE,2013-10-24
1903,士紙,TWSE,1963-12-09
1904,正隆,TWSE,1971-09-10
1905,華紙,TWSE,1975-02-07
1906,寶隆,TWSE,1976-04-26
1907,永豐餘,TWSE,1977-02-22
1909,榮成,TWSE,1985-11-19
2002,中鋼,TWSE,1974-12-26
2006,東和鋼鐵,TWSE,1988-07-13
2007,燁興,TWSE,1988-10-04
2008,高興昌,TWSE,1988-12-28
2009,第一銅,TWSE,1989-10-20
2010,春源,TWSE,1989-12-22
2012,春雨,TWSE,1991-10-17
2013,中鋼構,TWSE,1992-01-21
2014,中鴻,TWSE,1992-02-20
2015,豐興,TWSE,1992-05-25
2017,官田鋼,TWSE,1992-11-02
2020,美亞,TWSE,1993-04-27
2022,聚亨,TWSE,1995-03-27
2023,燁輝,TWSE,1995-07-28
2024,志聯,TWSE,1995-12-30
2025,千興,TWSE,1996-02-08
2027,大成鋼,TWSE,1996-10-24
2028,威致,TWSE,1996-12-13
2029,盛餘,TWSE,1997-01-11
2030,彰源,TWSE,1998-12-24
2031,新光鋼,TWSE,2000-09-11
2032,新鋼,TWSE,2000-09-11
2033,佳大,TWSE,2000-09-11
2034,允強,TWSE,2001-09-17
2038,海光,TWSE,2008-12-30
2049,上銀,TWSE,2009-06-26
2059,川湖,TWSE,2008-06-25
2062,橋椿,TWSE,2007-11-16
2069,運錩,TWSE,2016-03-22
2101,南港,TWSE,1963-11-01
2102,泰豐,TWSE,1979-07-16
2103,台橡,TWSE,1982-09-25
2104,國際中橡,TWSE,1986-07-15
2105,正新,TWSE,1987-12-07
2106,建大,TWSE,1990-12-20
2107,厚生,TWSE,1992-03-03
2108,南帝,TWSE,1992-10-27
2109,華豐,TWSE,2000-05-08
2114,鑫永銓,TWSE,2010-12-29
2115,六暉-KY,TWSE,2013-12-25
2201,裕隆,TWSE,1976-07-08
2204,中華,TWSE,1991-03-12
2206,三陽工業,TWSE,1996-07-29
2207,和泰車,TWSE,1997-02-25
2208,台船,TWSE,2008-12-22
2211,長榮鋼,TWSE,2021-04-12
2227,裕日車,TWSE,2004-12-21
2228,劍麟,TWSE,2013-11-25
2231,為升,TWSE,2010-11-19
2233,宇隆,TWSE,2019-09-17
2236,百達-KY,TWSE,2015-06-03
2239,英利-KY,TWSE,2016-01-27
2241,艾姆勒,TWSE,2020-08-26
2243,宏旭-KY,TWSE,2017-09-27
2247,汎德永業,TWSE,2020-10-12
2248,華勝-KY,TWSE,2025-03-13
2250,IKKA-KY,TWSE,2021-05-31
2254,巨鎧精密-創,TWSE,2023-10-20
2258,鴻華先進-創,TWSE,2023-11-20
2301,光寶科,TWSE,1995-11-17
2302,麗正,TWSE,1985-01-15
2303,聯電,TWSE,1985-07-16
2305,全友,TWSE,1988-10-21
2308,台達電,TWSE,1988-12-19
2312,金寶,TWSE,1989-11-07
2313,華通,TWSE,1990-07-24
2314,台揚,TWSE,1990-08-08
2316,楠梓電,TWSE,1991-02-05
2317,鴻海,TWSE,1991-06-18
2321,東訊,TWSE,1991-11-08
2323,中環,TWSE,1992-02-17
2324,仁寶,TWSE,1992-02-18
2327,國巨*,TWSE,1993-10-22
2328,廣宇,TWSE,1993-11-09
2329,華泰,TWSE,1994-04-20
2330,台積電,TWSE,1994-09-05
2331,精英,TWSE,1994-09-21
2332,友訊,TWSE,1994-10-17
2337,旺宏,TWSE,1995-03-15
2338,光罩,TWSE,1995-04-17
2340,台亞,TWSE,1995-05-02
2342,茂矽,TWSE,1995-09-19
2344,華邦電,TWSE,1995-10-18
2345,智邦,TWSE,1995-11-15
2347,聯強,TWSE,1995-12-13
2348,海悅,TWSE,1996-01-05
2349,錸德,TWSE,1996-04-23
2351,順德,TWSE,1996-04-25
2352,佳世達,TWSE,1996-07-22
2353,宏碁,TWSE,1996-09-18
2354,鴻準,TWSE,1996-10-08
2355,敬鵬,TWSE,1996-10-14
2356,英業達,TWSE,1996-11-13
2357,華碩,TWSE,1996-11-14
2359,所羅門,TWSE,1996-12-19
2360,致茂,TWSE,1996-12-21
2362,藍天,TWSE,1997-04-02
2363,矽統,TWSE,1997-08-01
2364,倫飛,TWSE,1997-08-11
2365,昆盈,TWSE,1997-11-03
2367,燿華,TWSE,1997-12-13
2368,金像電,TWSE,1998-03-09
2369,菱生,TWSE,1998-04-10
2371,大同,TWSE,1962-02-09
2373,震旦行,TWSE,1991-08-01
2374,佳能,TWSE,1995-01-16
2375,凱美,TWSE,1998-08-29
2376,技嘉,TWSE,1998-09-24
2377,微星,TWSE,1998-10-31
2379,瑞昱,TWSE,1998-10-26
2380,虹光,TWSE,1998-12-03
2382,廣達,TWSE,1999-01-08
2383,台光電,TWSE,1998-11-27
2385,群光,TWSE,1999-01-05
2387,精元,TWSE,1999-01-25
2388,威盛,TWSE,1999-03-05
2390,云辰,TWSE,1999-06-15
2392,正崴,TWSE,1999-09-20
2393,億光,TWSE,1999-11-04
2395,研華,TWSE,1999-12-13
2397,友通,TWSE,2000-01-15
2399,映泰,TWSE,1999-12-16
2401,凌陽,TWSE,2000-01-27
2402,毅嘉,TWSE,2000-01-14
2404,漢唐,TWSE,2000-03-14
2405,輔信,TWSE,2000-03-17
2406,國碩,TWSE,2000-04-29
2408,南亞科,TWSE,2000-08-17
2409,友達,TWSE,2000-09-08
2412,中華電,TWSE,2000-10-27
2413,環科,TWSE,2000-09-11
2414,精技,TWSE,2000-09-11
2415,錩新,TWSE,2000-09-11
2417,圓剛,TWSE,2000-09-11
2419,仲琦,TWSE,2000-09-11
2420,新巨,TWSE,2000-09-11
2421,建準,TWSE,2000-09-11
2423,固緯,TWSE,2000-09-11
2424,隴華,TWSE,2000-09-11
2425,承啟,TWSE,2000-09-11
2426,鼎元,TWSE,2000-09-11
2427,三商電,TWSE,2000-09-11
2428,興勤,TWSE,2000-09-11
2429,銘旺科,TWSE,2000-09-11
2430,燦坤,TWSE,2000-09-11
2431,聯昌,TWSE,2000-09-11
2432,倚天酷碁-創,TWSE,2023-05-31
2433,互盛電,TWSE,2000-09-11
2434,統懋,TWSE,2000-09-11
2436,偉詮電,TWSE,2000-09-11
2438,翔耀,TWSE,2000-09-11
2439,美律,TWSE,2000-09-11
2440,太空梭,TWSE,2000-11-10
2441,超豐,TWSE,2000-10-26
2442,新美齊,TWSE,2000-11-22
2444,兆勁,TWSE,2000-12-08
2449,京元電子,TWSE,2001-05-09
2450,神腦,TWSE,2001-05-24
2451,創見,TWSE,2001-05-03
2453,凌群,TWSE,2001-05-22
2454,聯發科,TWSE,2001-07-23
2455,全新,TWSE,2002-01-24
2457,飛宏,TWSE,2001-09-17
2458,義隆,TWSE,2001-09-17
2459,敦吉,TWSE,2001-09-17
2460,建通,TWSE,2001-09-17
2461,光群雷,TWSE,2001-09-17
2462,良得電,TWSE,2001-09-17
2464,盟立,TWSE,2001-09-17
2465,麗臺,TWSE,2001-09-19
2466,冠西電,TWSE,2001-09-17
2467,志聖,TWSE,2001-09-17
2468,華經,TWSE,2001-09-17
2471,資通,TWSE,2001-09-17
2472,立隆電,TWSE,2001-09-17
2474,可成,TWSE,2001-09-17
2476,鉅祥,TWSE,2001-09-17
2477,美隆電,TWSE,2001-09-17
2478,大毅,TWSE,2001-09-17
2480,敦陽科,TWSE,2001-09-17
2481,強茂,TWSE,2001-09-17
2482,連宇,TWSE,2001-09-19
2483,百容,TWSE,2001-09-17
2484,希華,TWSE,2001-09-17
2485,兆赫,TWSE,2001-09-17
2486,一詮,TWSE,2001-09-19
2488,漢平,TWSE,2001-09-17
2489,瑞軒,TWSE,2001-09-17
2491,吉祥全,TWSE,2001-09-19
2492,華新科,TWSE,2001-09-17
2493,揚博,TWSE,2002-01-23
2495,普安,TWSE,2002-03-25
2496,卓越,TWSE,2002-03-08
2497,怡利電,TWSE,2002-02-04
2498,宏達電,TWSE,2002-03-26
2501,國建,TWSE,1967-10-28
2504,國產,TWSE,1978-03-14
2505,國揚,TWSE,1979-11-14
2506,太設,TWSE,1980-02-02
2509,全坤建,TWSE,1988-05-20
2511,太子,TWSE,1991-04-24
2514,龍邦,TWSE,1992-09-26
2515,中工,TWSE,1993-03-02
2516,新建,TWSE,1993-05-25
2520,冠德,TWSE,1993-10-27
2524,京城,TWSE,1994-10-18
2527,宏璟,TWSE,1995-03-06
2528,皇普,TWSE,1995-03-10
2530,華建,TWSE,1995-10-12
2534,宏盛,TWSE,1996-02-12
2535,達欣工,TWSE,1996-03-11
2536,宏普,TWSE,1996-03-14
2537,聯上發,TWSE,1996-09-06
2538,基泰,TWSE,1996-11-01
2539,櫻花建,TWSE,1997-07-16
2540,愛山林,TWSE,1989-12-26
2542,興富發,TWSE,1999-05-03
2543,皇昌,TWSE,1999-10-15
2545,皇翔,TWSE,2000-09-11
2546,根基,TWSE,2000-09-11
2547,日勝生,TWSE,2000-12-22
2548,華固,TWSE,2002-08-26
2597,潤弘,TWSE,2010-03-26
2601,益航,TWSE,1965-11-04
2603,長榮,TWSE,1987-09-21
2605,新興,TWSE,1989-12-08
2606,裕民,TWSE,1990-12-08
2607,榮運,TWSE,1990-12-14
2608,嘉里大榮,TWSE,1990-12-20
2609,陽明,TWSE,1992-04-20
2610,華航,TWSE,1993-02-26
2611,志信,TWSE,1993-10-28
2612,中航,TWSE,1994-10-20
2613,中櫃,TWSE,1995-01-20
2614,東森,TWSE,1995-09-23
2615,萬海,TWSE,1996-05-16
2616,山隆,TWSE,1997-11-08
2617,台航,TWSE,1998-06-24
2618,長榮航,TWSE,2001-09-17
2630,亞航,TWSE,2018-02-22
2633,台灣高鐵,TWSE,2016-10-27
2634,漢翔,TWSE,2014-08-25
2636,台驊控股,TWSE,2016-12-22
2637,慧洋-KY,TWSE,2010-12-01
2642,宅配通,TWSE,2013-12-12
2645,長榮航太,TWSE,2023-03-14
2646,星宇航空,TWSE,2024-10-25
2701,萬企,TWSE,1965-03-22
2702,華園,TWSE,1965-02-14
2704,國賓,TWSE,1982-11-10
2705,六福,TWSE,1988-12-24
2706,第一店,TWSE,1991-06-25
2707,晶華,TWSE,1998-03-09
2712,遠雄來,TWSE,2013-12-03
2722,夏都,TWSE,2012-03-14
2723,美食-KY,TWSE,2010-11-22
2727,王品,TWSE,2012-03-06
2731,雄獅,TWSE,2013-09-24
2739,寒舍,TWSE,2016-05-19
2748,雲品,TWSE,2016-11-23
2753,八方雲集,TWSE,2021-09-09
2762,世界健身-KY,TWSE,2024-01-24
2801,彰銀,TWSE,1962-02-15
2812,台中銀,TWSE,1984-05-15
2816,旺旺保,TWSE,1992-05-05
2820,華票,TWSE,1994-10-26
2832,台產,TWSE,1997-09-30
2834,臺企銀,TWSE,1998-01-03
2836,高雄銀,TWSE,1998-05-18
2838,聯邦銀,TWSE,1998-06-29
2845,遠東銀,TWSE,1998-11-27
2849,安泰銀,TWSE,1999-09-27
2850,新產,TWSE,2000-05-22
2851,中再保,TWSE,2000-07-06
2852,第一保,TWSE,2000-11-28
2855,統一證,TWSE,2002-09-16
2867,三商壽,TWSE,2012-12-18
2880,華南金,TWSE,2001-12-19
2881,富邦金,TWSE,2001-12-19
2882,國泰金,TWSE,2001-12-31
2883,凱基金,TWSE,2001-12-28
2884,玉山金,TWSE,2002-01-28
2885,元大金,TWSE,2002-02-04
2886,兆豐金,TWSE,2002-02-04
2887,台新新光金,TWSE,2002-02-18
2889,國票金,TWSE,2002-03-26
2890,永豐金,TWSE,2002-05-09
2891,中信金,TWSE,2002-05-17
2892,第一金,TWSE,2003-01-02
2897,王道銀行,TWSE,2017-05-05
2901,欣欣,TWSE,1976-05-07
2903,遠百,TWSE,1978-10-11
2904,匯僑,TWSE,1983-01-05
2905,三商,TWSE,1988-09-19
2906,高林,TWSE,1989-12-26
2908,特力,TWSE,1993-02-18
2910,統領,TWSE,1996-12-30
2911,麗嬰房,TWSE,1997-01-18
2912,統一超,TWSE,1997-08-22
2913,農林,TWSE,1962-02-09
2915,潤泰全,TWSE,1977-07-20
2923,鼎固-KY,TWSE,2012-12-07
2929,淘帝-KY,TWSE,2013-12-30
2939,永邑-KY,TWSE,2018-01-11
2945,三商家購,TWSE,2021-11-30
3002,歐格,TWSE,2002-01-23
3003,健和興,TWSE,2002-02-19
3004,豐達科,TWSE,2002-02-25
3005,神基,TWSE,2002-02-25
3006,晶豪科,TWSE,2002-03-04
3008,大立光,TWSE,2002-03-11
3010,華立,TWSE,2002-07-22
3011,今皓,TWSE,2002-07-22
3013,晟銘電,TWSE,2002-09-16
3014,聯陽,TWSE,2002-10-29
3015,全漢,TWSE,2002-10-16
3016,嘉晶,TWSE,2002-12-24
3017,奇鋐,TWSE,2002-09-27
3018,隆銘綠能,TWSE,2002-08-26
3019,亞光,TWSE,2002-08-26
3021,鴻名,TWSE,2002-08-26
3022,威強電,TWSE,2002-08-26
3023,信邦,TWSE,2002-08-26
3024,憶聲,TWSE,2002-08-26
3025,星通,TWSE,2002-08-26
3026,禾伸堂,TWSE,2002-08-26
3027,盛達,TWSE,2002-08-26
3028,增你強,TWSE,2002-08-26
3029,零壹,TWSE,2002-08-26
3030,德律,TWSE,2002-10-29
3031,佰鴻,TWSE,2002-08-26
3032,偉訓,TWSE,2002-08-26
3033,威健,TWSE,2002-08-26
3034,聯詠,TWSE,2002-08-26
3035,智原,TWSE,2002-08-26
3036,文曄,TWSE,2002-08-26
3037,欣興,TWSE,2002-08-26
3038,全台,TWSE,2002-08-26
3040,遠見,TWSE,2002-08-26
3041,揚智,TWSE,2002-08-26
3042,晶技,TWSE,2002-08-26
3043,科風,TWSE,2002-08-26
3044,健鼎,TWSE,2002-08-26
3045,台灣大,TWSE,2002-08-26
3046,建碁,TWSE,2002-08-26
3047,訊舟,TWSE,2002-08-26
3048,益登,TWSE,2002-10-01
3049,精金,TWSE,2002-09-27
3050,鈺德,TWSE,2002-10-29
3051,力特,TWSE,2002-10-28
3052,夆典,TWSE,1995-11-25
3054,立萬利,TWSE,2002-11-18
3055,蔚華科,TWSE,2002-12-12
3056,富華新,TWSE,2003-03-03
3057,喬鼎,TWSE,2002-12-18
3058,立德,TWSE,2002-12-09
3059,華晶科,TWSE,2002-12-24
3060,銘異,TWSE,2003-04-21
3062,建漢,TWSE,2003-07-28
3090,日電貿,TWSE,2007-12-31
3092,鴻碩,TWSE,2021-05-13
3094,聯傑,TWSE,2007-08-06
3130,一零四,TWSE,2006-02-17
3135,凌航,TWSE,2025-08-06
3138,耀登,TWSE,2020-12-11
3149,正達,TWSE,2011-11-23
3150,鈺寶-創,TWSE,2024-06-27
3164,景岳,TWSE,2010-03-22
3167,大量,TWSE,2013-10-21
3168,眾福科,TWSE,2024-03-26
3189,景碩,TWSE,2004-11-01
3209,全科,TWSE,2008-11-26
3229,晟鈦,TWSE,2009-12-31
3231,緯創,TWSE,2003-08-19
3257,虹冠電,TWSE,2011-03-21
3266,昇陽,TWSE,2014-12-24
3296,勝德,TWSE,2007-12-31
3305,昇貿,TWSE,2008-07-10
3308,聯德,TWSE,2008-03-12
3311,閎暉,TWSE,2004-03-08
3312,弘憶股,TWSE,2010-12-29
3321,同泰,TWSE,2015-12-15
3338,泰碩,TWSE,2013-12-13
3346,麗清,TWSE,2016-12-19
3356,奇偶,TWSE,2005-03-28
3376,新日興,TWSE,2007-12-31
3380,明泰,TWSE,2004-12-20
3406,玉晶光,TWSE,2005-12-20
3413,京鼎,TWSE,2015-07-28
3416,融程電,TWSE,2015-01-23
3419,譁裕,TWSE,2008-01-21
3432,台端,TWSE,2010-12-30
3437,榮創,TWSE,2014-07-09
3443,創意,TWSE,2006-11-03
3447,展達,TWSE,2022-12-15
3450,聯鈞,TWSE,2006-04-12
3454,晶睿,TWSE,2011-07-22
3481,群創,TWSE,2006-10-24
3494,誠研,TWSE,2007-12-13
3501,維熹,TWSE,2007-09-20
3504,揚明光,TWSE,2007-01-26
3515,華擎,TWSE,2007-11-08
3518,柏騰,TWSE,2007-11-28
3528,安馳,TWSE,2016-05-18
3530,晶相光,TWSE,2018-07-16
3532,台勝科,TWSE,2007-12-10
3533,嘉澤,TWSE,2007-12-10
3535,晶彩科,TWSE,2008-01-31
3543,州巧,TWSE,2020-04-15
3545,敦泰,TWSE,2007-07-03
3550,聯穎,TWSE,2010-11-10
3557,嘉威,TWSE,2008-02-27
3563,牧德,TWSE,2019-04-02
3576,聯合再生,TWSE,2009-01-12
3583,辛耘,TWSE,2013-03-12
3588,通嘉,TWSE,2009-08-14
3591,艾笛森,TWSE,2010-11-12
3592,瑞鼎,TWSE,2022-01-07
3596,智易,TWSE,2009-03-11
3605,宏致,TWSE,2009-03-26
3607,谷崧,TWSE,2009-10-28
3617,碩天,TWSE,2009-12-23
3622,洋華,TWSE,2009-03-25
3645,達邁,TWSE,2011-10-05
3652,精聯,TWSE,2022-09-21
3653,健策,TWSE,2009-11-18
3661,世芯-KY,TWSE,2014-10-28
3665,貿聯-KY,TWSE,2011-04-21
3669,圓展,TWSE,2011-08-25
3673,TPK-KY,TWSE,2010-10-29
3679,新至陞,TWSE,2011-10-05
3686,達能,TWSE,2010-07-20
3694,海華,TWSE,2011-05-03
3701,大眾控,TWSE,2004-08-30
3702,大聯大,TWSE,2005-11-09
3703,欣陸,TWSE,2010-04-08
3704,合勤控,TWSE,2010-08-16
3705,永信,TWSE,2011-01-03
3706,神達,TWSE,2013-09-12
3708,上緯投控,TWSE,2016-08-31
3711,日月光投控,TWSE,2018-04-30
3712,永崴投控,TWSE,2018-10-01
3714,富采,TWSE,2021-01-06
3715,定穎投控,TWSE,2022-08-25
3716,中化控股,TWSE,2024-09-02
3717,聯嘉投控,TWSE,2025-08-15
4104,佳醫,TWSE,2007-12-31
4106,雃博,TWSE,2004-11-08
4108,懷特,TWSE,2008-07-16
4119,旭富,TWSE,2004-01-07
4133,亞諾法,TWSE,2009-12-28
4137,麗豐-KY,TWSE,2013-11-27
4142,國光生,TWSE,2012-05-03
4148,全宇生技-KY,TWSE,2017-06-08
4155,訊映,TWSE,2017-12-05
4164,承業醫,TWSE,2012-10-24
4190,佐登-KY,TWSE,2015-10-21
4306,炎洲,TWSE,2008-01-21
4414,如興,TWSE,2004-09-06
4426,利勤,TWSE,2011-12-16
4438,廣越,TWSE,2016-10-18
4439,冠星-KY,TWSE,2019-12-05
4440,宜新實業,TWSE,2021-10-25
4441,振大環球,TWSE,2025-09-09
4526,東台,TWSE,2003-09-15
4532,瑞智,TWSE,2003-08-04
4536,拓凱,TWSE,2013-10-09
4540,全球傳動,TWSE,2018-08-15
4545,銘鈺,TWSE,2016-01-06
4551,智伸科,TWSE,2015-08-10
4552,力達-KY,TWSE,2016-07-20
4555,氣立,TWSE,2015-10-27
4557,永新-KY,TWSE,2015-10-12
4560,強信-KY,TWSE,2017-05-26
4562,穎漢,TWSE,2017-08-21
4564,元翎,TWSE,2019-03-07
4566,時碩工業,TWSE,2018-02-05
4569,六方科-KY,TWSE,2023-07-31
4571,鈞興-KY,TWSE,2019-09-17
4572,駐龍,TWSE,2019-09-10
4576,大銀微系統,TWSE,2019-09-04
4581,光隆精密-KY,TWSE,2020-03-09
4583,台灣精銳,TWSE,2022-05-09
4585,達明,TWSE,2025-09-26
4588,玖鼎電力,TWSE,2024-01-29
4720,德淵,TWSE,2015-06-24
4722,國精化,TWSE,2012-08-15
4736,泰博,TWSE,2023-12-22
4737,華廣,TWSE,2010-12-23
4739,康普,TWSE,2017-09-08
4746,台耀,TWSE,2011-03-01
4755,三福化,TWSE,2013-11-27
4763,材料*-KY,TWSE,2015-11-09
4764,雙鍵,TWSE,2018-01-04
4766,南寶,TWSE,2018-11-28
4770,上品,TWSE,2021-12-22
4771,望隼,TWSE,2024-03-18
4807,日成-KY,TWSE,2017-06-26
4904,遠傳,TWSE,2005-08-24
4906,正文,TWSE,2003-06-30
4912,聯德控股-KY,TWSE,2015-05-21
4915,致伸,TWSE,2012-10-05
4916,事欣科,TWSE,2013-11-21
4919,新唐,TWSE,2010-09-27
4927,泰鼎-KY,TWSE,2015-09-08
4930,燦星網,TWSE,2010-06-21
4934,太極,TWSE,2011-08-16
4935,茂林-KY,TWSE,2011-07-28
4938,和碩,TWSE,2010-06-24
4942,嘉彰,TWSE,2011-06-27
4943,康控-KY,TWSE,2016-11-11
4949,有成精密,TWSE,2024-05-09
4952,凌通,TWSE,2011-11-01
4956,光鋐,TWSE,2011-10-24
4958,臻鼎-KY,TWSE,2011-12-26
4960,誠美材,TWSE,2011-10-24
4961,天鈺,TWSE,2018-10-17
4967,十銓,TWSE,2019-01-14
4968,立積,TWSE,2015-11-13
4976,佳凌,TWSE,2012-11-20
4977,眾達-KY,TWSE,2013-11-20
4989,榮科,TWSE,2018-06-28
4994,傳奇,TWSE,2013-12-25
4999,鑫禾,TWSE,2013-06-03
5007,三星,TWSE,2011-09-16
5203,訊連,TWSE,2004-09-27
5215,科嘉-KY,TWSE,2011-12-26
5222,全訊,TWSE,2021-10-25
5225,東科-KY,TWSE,2012-11-05
5234,達興材料,TWSE,2012-07-16
5243,乙盛-KY,TWSE,2013-11-25
5244,弘凱,TWSE,2022-01-19
5258,虹堡,TWSE,2016-12-30
5269,祥碩,TWSE,2012-12-12
5283,禾聯碩,TWSE,2019-05-24
5284,jpp-KY,TWSE,2017-03-09
5285,界霖,TWSE,2014-02-25
5288,豐祥-KY,TWSE,2014-09-25
5292,華懋,TWSE,2023-11-21
5306,桂盟,TWSE,2022-03-08
5388,中磊,TWSE,2007-12-03
5434,崇越,TWSE,2003-08-25
5469,瀚宇博,TWSE,2003-08-25
5471,松翰,TWSE,2003-08-25
5484,慧友,TWSE,2003-08-25
5515,建國,TWSE,2003-10-06
5519,隆大,TWSE,2014-02-10
5521,工信,TWSE,2012-12-18
5522,遠雄,TWSE,2007-08-06
5525,順天,TWSE,2004-11-26
5531,鄉林,TWSE,2005-01-31
5533,皇鼎,TWSE,2008-04-30
5534,長虹,TWSE,2004-05-24
5538,東明-KY,TWSE,2013-12-16
5546,永固-KY,TWSE,2020-05-20
5607,遠雄港,TWSE,2004-12-02
5608,四維航,TWSE,2003-08-25
5706,鳳凰,TWSE,2011-10-21
5871,中租-KY,TWSE,2011-12-13
5876,上海商銀,TWSE,2018-10-19
5880,合庫金,TWSE,2011-12-01
5906,台南-KY,TWSE,2011-10-24
5907,大洋-KY,TWSE,2012-06-06
6005,群益證,TWSE,2005-11-21
6024,群益期,TWSE,2017-10-16
6108,競國,TWSE,2008-12-30
6112,邁達特,TWSE,2003-08-04
6115,鎰勝,TWSE,2004-07-19
6116,彩晶,TWSE,2004-09-06
6117,迎廣,TWSE,2003-08-25
6120,達運,TWSE,2006-09-13
6128,上福,TWSE,2003-06-16
6133,金橋,TWSE,2003-08-15
6136,富爾特,TWSE,2003-08-25
6139,亞翔,TWSE,2003-08-25
6141,柏承,TWSE,2003-10-22
6142,友勁,TWSE,2003-08-04
6152,百一,TWSE,2009-12-08
6153,嘉聯益,TWSE,2008-01-21
6155,鈞寶,TWSE,2006-08-18
6164,華興,TWSE,2008-10-21
6165,浪凡,TWSE,2003-08-04
6166,凌華,TWSE,2004-11-08
6168,宏齊,TWSE,2003-08-25
6176,瑞儀,TWSE,2007-05-15
6177,達麗,TWSE,2013-08-01
6183,關貿,TWSE,2011-12-01
6184,大豐電,TWSE,2005-02-15
6189,豐藝,TWSE,2004-05-24
6191,精成科,TWSE,2007-10-19
6192,巨路,TWSE,2004-09-27
6196,帆宣,TWSE,2004-05-24
6197,佳必琪,TWSE,2004-11-08
6201,亞弘電,TWSE,2004-09-27
6202,盛群,TWSE,2004-09-27
6205,詮欣,TWSE,2008-01-21
6206,飛捷,TWSE,2004-08-03
6209,今國光,TWSE,2004-11-08
6213,聯茂,TWSE,2008-01-21
6214,精誠,TWSE,2010-12-30
6215,和椿,TWSE,2007-12-31
6216,居易,TWSE,2004-09-27
6224,聚鼎,TWSE,2009-09-17
6225,天瀚,TWSE,2004-09-27
6226,光鼎,TWSE,2008-11-10
6230,尼得科超眾,TWSE,2010-09-16
6235,華孚,TWSE,2004-08-23
6239,力成,TWSE,2004-11-08
6243,迅杰,TWSE,2009-12-17
6257,矽格,TWSE,2003-08-25
6269,台郡,TWSE,2003-09-23
6271,同欣電,TWSE,2007-11-16
6277,宏正,TWSE,2003-10-30
6278,台表科,TWSE,2010-08-24
6281,全國電,TWSE,2005-12-08
6282,康舒,TWSE,2003-09-08
6283,淳安,TWSE,2008-01-21
6285,啟碁,TWSE,2003-09-22
6405,悅城,TWSE,2013-11-28
6409,旭隼,TWSE,2014-03-31
6412,群電,TWSE,2013-11-08
6414,樺漢,TWSE,2014-03-28
6415,矽力*-KY,TWSE,2013-12-12
6416,瑞祺電通,TWSE,2018-04-16
6423,億而得-創,TWSE,2024-05-15
6426,統新,TWSE,2021-03-24
6431,光麗-KY,TWSE,2014-12-04
6438,迅得,TWSE,2021-01-19
6442,光聖,TWSE,2015-07-14
6443,元晶,TWSE,2015-10-01
6446,藥華藥,TWSE,2024-01-25
6449,鈺邦,TWSE,2014-12-09
6451,訊芯-KY,TWSE,2015-01-26
6456,GIS-KY,TWSE,2015-06-12
6464,台數科,TWSE,2015-12-16
6472,保瑞,TWSE,2023-12-19
6477,安集,TWSE,2016-06-21
6491,晶碩,TWSE,2019-10-07
6504,南六,TWSE,2013-05-07
6505,台塑化,TWSE,2003-12-26
6515,穎崴,TWSE,2021-01-20
6525,捷敏-KY,TWSE,2016-04-12
6526,達發,TWSE,2023-10-19
6531,愛普*,TWSE,2016-05-31
6533,晶心科,TWSE,2017-03-14
6534,正瀚-創,TWSE,2023-12-21
6541,泰福-KY,TWSE,2017-10-26
6550,北極星藥業-KY,TWSE,2022-06-06
6552,易華電,TWSE,2017-01-10
6558,興能高,TWSE,2018-12-05
6573,虹揚-KY,TWSE,2017-09-26
6579,研揚,TWSE,2017-08-21
6581,鋼聯,TWSE,2018-01-30
6582,申豐,TWSE,2017-06-14
6585,鼎基,TWSE,2022-05-20
6589,台康生技,TWSE,2025-07-21
6591,動力-KY,TWSE,2017-12-28
6592,和潤企業,TWSE,2019-12-09
6598,ABC-KY,TWSE,2020-06-09
6605,帝寶,TWSE,2004-03-17
6606,建德工業,TWSE,2023-03-24
6614,資拓宏宇,TWSE,2025-11-25
6625,必應,TWSE,2018-02-07
6641,基士德-KY,TWSE,2018-09-21
6645,金萬林-創,TWSE,2023-12-21
6655,科定,TWSE,2018-11-28
6657,華安,TWSE,2023-06-12
6658,聯策,TWSE,2023-11-02
6666,羅麗芬-KY,TWSE,2018-11-19
6668,中揚光,TWSE,2018-12-12
6669,緯穎,TWSE,2019-03-27
6670,復盛應用,TWSE,2018-12-18
6671,三能-KY,TWSE,2018-12-11
6672,騰輝電子-KY,TWSE,2019-04-17
6674,鋐寶科技,TWSE,2018-11-28
6689,伊雲谷,TWSE,2022-09-13
6691,洋基工程,TWSE,2022-01-03
6695,芯鼎,TWSE,2022-11-04
6698,旭暉應材,TWSE,2019-11-25
6706,惠特,TWSE,2019-12-19
6715,嘉基,TWSE,2019-12-12
6719,力智,TWSE,2022-01-13
6742,澤米,TWSE,2023-12-05
6743,安普新,TWSE,2020-12-14
6753,龍德造船,TWSE,2023-03-10
6754,匯僑設計,TWSE,2020-08-25
6756,威鋒電子,TWSE,2020-12-24
6757,台灣虎航,TWSE,2023-08-15
6768,志強-KY,TWSE,2021-04-22
6770,力積電,TWSE,2021-12-06
6771,平和環保-創,TWSE,2024-05-17
6776,展碁國際,TWSE,2021-03-31
6781,AES-KY,TWSE,2021-03-22
6782,視陽,TWSE,2022-11-28
6789,采鈺,TWSE,2022-06-30
6790,永豐實,TWSE,2021-09-29
6792,詠業,TWSE,2021-12-08
6794,向榮生技,TWSE,2024-05-21
6796,晉弘,TWSE,2022-06-01
6799,來頡,TWSE,2022-05-12
6805,富世達,TWSE,2023-11-09
6806,森崴能源,TWSE,2021-11-15
6807,峰源-KY,TWSE,2022-04-25
6830,汎銓,TWSE,2022-08-31
6831,邁科,TWSE,2025-11-25
6834,天二科技,TWSE,2022-09-01
6835,圓裕,TWSE,2022-11-10
6838,台新藥,TWSE,2024-08-13
6854,錼創科技-KY創,TWSE,2022-08-18
6861,睿生光電,TWSE,2023-03-27
6862,三集瑞-KY,TWSE,2024-10-23
6863,永道-KY,TWSE,2023-03-21
6869,雲豹能源,TWSE,2023-03-14
6873,泓德能源,TWSE,2024-09-26
6885,全福生技,TWSE,2024-12-16
6887,寶綠特-KY,TWSE,2025-03-10
6890,來億-KY,TWSE,2024-06-12
6901,鑽石投資,TWSE,2023-09-19
6902,GOGOLOOK,TWSE,2023-07-13
6906,現觀科,TWSE,2024-01-15
6909,創控,TWSE,2025-05-21
6914,阜爾運通,TWSE,2024-05-03
6916,華凌,TWSE,2023-12-05
6918,愛派司,TWSE,2025-06-10
6919,康霈*,TWSE,2024-10-02
6923,中台,TWSE,2024-09-25
6924,榮惠-KY創,TWSE,2024-12-03
6928,攸泰科技,TWSE,2024-05-16
6931,青松健康,TWSE,2025-01-15
6933,AMAX-KY,TWSE,2023-11-08
6936,永鴻生技,TWSE,2025-04-28
6937,天虹,TWSE,2023-12-12
6944,兆聯實業,TWSE,2025-05-28
6949,沛爾生醫-創,TWSE,2024-03-08
6951,青新-創,TWSE,2024-06-18
6952,大武山,TWSE,2024-06-13
6955,邦睿生技-創,TWSE,2024-12-06
6957,裕慶-KY,TWSE,2024-06-25
6958,日盛台駿,TWSE,2024-08-20
6962,奕力-KY,TWSE,2024-11-26
6965,中傑-KY,TWSE,2025-03-07
6969,成信實業*-創,TWSE,2024-09-09
6988,威力暘-創,TWSE,2024-10-23
6994,富威電力,TWSE,2025-01-15
7610,聯友金屬-創,TWSE,2025-09-09
7631,聚賢研發-創,TWSE,2025-03-13
7705,三商餐飲,TWSE,2024-11-26
7711,永擎,TWSE,2025-11-19
7721,微程式,TWSE,2025-07-29
7722,LINEPAY,TWSE,2024-12-05
7730,暉盛-創,TWSE,2025-11-04
7732,金興精密,TWSE,2025-01-14
7736,虎山,TWSE,2025-03-18
7740,熙特爾-創,TWSE,2025-06-16
7749,意騰-KY,TWSE,2025-06-13
7750,新代,TWSE,2025-09-17
7765,中華資安,TWSE,2025-09-08
7769,鴻勁,TWSE,2025-11-27
7780,大研生醫,TWSE,2025-09-09
7786,東方風能,TWSE,2025-11-18
7788,松川精密,TWSE,2025-10-16
7791,皇家可口,TWSE,2025-10-28
7799,禾榮科,TWSE,2025-09-15
8011,台通,TWSE,2011-09-19
8016,矽創,TWSE,2003-12-25
8021,尖點,TWSE,2008-01-21
8028,昇陽半導體,TWSE,2018-07-10
8033,雷虎,TWSE,2007-06-21
8039,台虹,TWSE,2009-12-17
8045,達運光電,TWSE,2024-12-11
8046,南電,TWSE,2006-04-07
8070,長華*,TWSE,2007-12-31
8072,陞泰,TWSE,2005-08-19
8081,致新,TWSE,2008-12-30
8101,華冠,TWSE,2004-07-01
8103,瀚荃,TWSE,2009-09-29
8104,錸寶,TWSE,2019-01-17
8105,凌巨,TWSE,2006-12-27
8110,華東,TWSE,2007-10-31
8112,至上,TWSE,2007-12-31
8114,振樺電,TWSE,2012-11-26
8131,福懋科,TWSE,2007-11-29
8150,南茂,TWSE,2014-04-11
8162,微矽電子-創,TWSE,2024-03-07
8163,達方,TWSE,2007-11-28
8201,無敵,TWSE,2007-10-29
8210,勤誠,TWSE,2011-12-01
8213,志超,TWSE,2009-12-25
8215,明基材,TWSE,2010-11-12
8222,寶一,TWSE,2015-01-27
8249,菱光,TWSE,2005-05-17
8261,富鼎,TWSE,2009-12-11
8271,宇瞻,TWSE,2010-12-29
8341,日友,TWSE,2015-03-23
8367,建新國際,TWSE,2018-09-12
8374,羅昇,TWSE,2008-12-25
8404,百和興業-KY,TWSE,2011-05-18
8411,福貞-KY,TWSE,2011-11-01
8422,可寧衛*,TWSE,2011-10-05
8429,金麗-KY,TWSE,2012-12-20
8438,昶昕,TWSE,2022-03-11
8442,威宏-KY,TWSE,2016-11-08
8443,阿瘦,TWSE,2014-09-15
8454,富邦媒,TWSE,2014-12-19
8462,柏文,TWSE,2019-03-15
8463,潤泰材,TWSE,2015-07-13
8464,億豐,TWSE,2015-12-22
8466,美吉吉-KY,TWSE,2016-11-01
8467,波力-KY,TWSE,2015-12-15
8473,山林水,TWSE,2016-09-08
8476,台境*,TWSE,2023-10-31
8478,東哥遊艇,TWSE,2017-12-11
8481,政伸,TWSE,2017-02-24
8482,商億-KY,TWSE,2018-08-15
8487,愛爾達-創,TWSE,2024-03-26
8488,吉源-KY,TWSE,2016-12-13
8499,鼎炫-KY,TWSE,2017-11-24
8926,台汽電,TWSE,2003-08-25
8940,新天地,TWSE,2009-05-15
8996,高力,TWSE,2014-02-14
9103,美德醫療-DR,TWSE,2002-12-13
9105,泰金寶-DR,TWSE,2003-09-22
9110,越南控-DR,TWSE,2009-12-03
9136,巨騰-DR,TWSE,2009-05-25
9802,鈺齊-KY,TWSE,2012-10-18
9902,台火,TWSE,1964-07-14
9904,寶成,TWSE,1990-01-19
9905,大華,TWSE,1990-08-08
9906,欣巴巴,TWSE,1990-12-15
9907,統一實,TWSE,1991-01-29
9908,大台北,TWSE,1991-02-06
9910,豐泰,TWSE,1992-02-18
9911,櫻花,TWSE,1992-07-16
9912,偉聯,TWSE,1992-08-08
9914,美利達,TWSE,1992-09-30
9917,中保科,TWSE,1993-12-08
9918,欣天然,TWSE,1994-04-26
9919,康那香,TWSE,1994-11-04
9921,巨大,TWSE,1994-12-29
9924,福興,TWSE,1995-03-15
9925,新保,TWSE,1995-12-09
9926,新海,TWSE,1998-04-08
9927,泰銘,TWSE,1999-03-12
9928,中視,TWSE,1999-08-09
9929,秋雨,TWSE,1999-06-28
9930,中聯資源,TWSE,1999-11-22
9931,欣高,TWSE,2000-03-21
9933,中鼎,TWSE,1993-05-28
9934,成霖,TWSE,2000-09-11
9935,慶豐富,TWSE,2000-09-11
9937,全國,TWSE,2000-09-11
9938,百和,TWSE,2001-01-12
9939,宏全,TWSE,2001-03-02
9940,信義,TWSE,2001-09-17
9941,裕融,TWSE,2001-09-17
9942,茂順,TWSE,2002-01-28
9943,好樂迪,TWSE,2002-08-26
9944,新麗,TWSE,2002-08-26
9945,潤泰新,TWSE,1992-04-30
9946,三發地產,TWSE,2013-09-17
9955,佳龍,TWSE,2008-01-21
9958,世紀鋼,TWSE,2008-03-12
1240,茂生農經,TPEX,2018-08-08
1259,安心,TPEX,2011-12-15
1264,德麥,TPEX,2015-04-09
1268,漢來美食,TPEX,2017-09-27
1294,漢田生技,TPEX,2024-09-26
1295,生合,TPEX,2025-05-27
1336,台翰,TPEX,2007-11-02
1565,精華,TPEX,2004-03-30
1569,濱川,TPEX,2005-07-29
1570,力肯,TPEX,2005-06-30
1580,新麥,TPEX,2007-12-10
1584,精剛,TPEX,2007-11-28
1586,和勤,TPEX,2012-01-09
1591,駿吉-KY,TPEX,2012-03-23
1593,祺驊,TPEX,2012-06-13
1595,川寶,TPEX,2011-10-04
1599,宏佳騰,TPEX,2012-12-25
1742,台蠟,TPEX,2004-05-14
1777,生泰,TPEX,2005-10-19
1781,合世,TPEX,2004-12-24
1784,訊聯,TPEX,2007-07-26
1785,光洋科,TPEX,2005-01-31
1788,杏昌,TPEX,2009-07-20
1796,金穎生技,TPEX,2018-01-22
1799,易威,TPEX,2008-11-10
1813,寶利徠,TPEX,2009-08-04
1815,富喬,TPEX,2006-01-23
2035,唐榮,TPEX,2006-07-07
2061,風青,TPEX,2010-12-09
2063,世鎧,TPEX,2010-09-07
2064,晉椿,TPEX,2014-12-26
2065,世豐,TPEX,2017-04-21
2066,世德,TPEX,2013-09-24
2067,嘉鋼,TPEX,2014-05-26
2070,精湛,TPEX,2018-12-17
2073,雄順,TPEX,2023-06-21
2221,大甲,TPEX,2007-08-01
2230,泰茂,TPEX,2013-04-18
2235,謚源,TPEX,2014-12-15
2596,綠意,TPEX,2009-06-01
2640,大車隊,TPEX,2012-11-07
2641,正德,TPEX,2014-10-09
2643,捷迅,TPEX,2016-03-04
2718,全心投控,TPEX,2011-03-29
2719,燦星旅,TPEX,2012-02-24
2724,藝舍-KY,TPEX,2012-05-29
2726,雅茗-KY,TPEX,2014-12-24
2729,瓦城,TPEX,2012-09-17
2732,六角,TPEX,2015-01-20
2734,易飛網,TPEX,2013-12-26
2736,富野,TPEX,2016-01-06
2740,天蔥,TPEX,2015-12-24
2743,山富,TPEX,2020-03-09
2745,五福,TPEX,2018-04-16
2751,王座,TPEX,2024-09-10
2752,豆府,TPEX,2019-09-25
2754,亞洲藏壽司,TPEX,2020-09-17
2755,揚秦,TPEX,2020-12-16
2756,聯發國際,TPEX,2022-01-14
2916,滿心,TPEX,2005-03-10
2924,宏太-KY,TPEX,2011-12-02
2926,誠品生活,TPEX,2013-01-30
2937,集雅社,TPEX,2017-06-08
2941,米斯特,TPEX,2024-03-20
2947,振宇五金,TPEX,2021-10-06
2948,寶陞,TPEX,2023-12-12
2949,欣新網,TPEX,2023-12-15
3064,泰偉,TPEX,2004-06-09
3066,李洲,TPEX,2004-12-02
3067,全域,TPEX,2003-10-21
3071,協禧,TPEX,2004-12-30
3073,天方能源,TPEX,2007-10-08
3078,僑威,TPEX,2005-01-31
3081,聯亞,TPEX,2015-07-22
3083,網龍,TPEX,2003-12-02
3085,新零售,TPEX,2004-03-01
3086,華義,TPEX,2004-03-29
3088,艾訊,TPEX,2005-04-28
3093,港建*,TPEX,2005-06-17
3095,及成,TPEX,2005-05-26
3105,穩懋,TPEX,2011-12-13
3114,好德,TPEX,2004-03-25
3115,富榮綱,TPEX,2005-04-08
3118,進階,TPEX,2008-05-21
3122,笙泉,TPEX,2015-01-26
3128,昇銳,TPEX,2006-09-04
3131,弘塑,TPEX,2011-01-17
3141,晶宏,TPEX,2014-03-14
3147,大綜,TPEX,2018-05-29
3152,璟德,TPEX,2008-03-24
3158,嘉實,TPEX,2025-11-17
3162,精確,TPEX,2005-10-03
3163,波若威,TPEX,2012-12-03
3169,亞信,TPEX,2009-11-24
3171,炎洲流通,TPEX,2004-09-17
3176,基亞,TPEX,2011-11-23
3178,公準,TPEX,2018-11-19
3188,鑫龍騰,TPEX,2004-03-17
3191,雲嘉南,TPEX,2005-04-12
3205,佰研,TPEX,2005-09-12
3206,志豐,TPEX,2007-02-08
3207,耀勝,TPEX,2004-11-04
3211,順達,TPEX,2004-11-08
3213,茂訊,TPEX,2004-10-01
3217,優群,TPEX,2004-04-30
3218,大學光,TPEX,2004-11-29
3219,倚強科,TPEX,2004-03-19
3221,台嘉碩,TPEX,2006-02-22
3224,三顧,TPEX,2004-06-03
3226,龍鋒,TPEX,2004-06-16
3227,原相,TPEX,2006-05-04
3228,金麗科,TPEX,2005-03-02
3230,錦明,TPEX,2006-09-25
3232,昱捷,TPEX,2004-11-01
3234,光環,TPEX,2011-03-24
3236,千如,TPEX,2004-12-02
3252,海灣,TPEX,2004-09-23
3259,鑫創,TPEX,2007-12-24
3260,威剛,TPEX,2004-10-08
3264,欣銓,TPEX,2005-01-05
3265,台星科,TPEX,2005-08-02
3268,海德威,TPEX,2005-01-27
3272,東碩,TPEX,2014-08-26
3276,宇環,TPEX,2005-01-12
3284,太普高,TPEX,2005-03-22
3285,微端,TPEX,2012-07-23
3287,廣寰科,TPEX,2008-01-28
3288,點晶,TPEX,2005-04-15
3289,宜特,TPEX,2004-12-28
3290,東浦,TPEX,2005-05-19
3293,鈊象,TPEX,2006-07-12
3294,英濟,TPEX,2007-04-27
3297,杭特,TPEX,2005-06-07
3303,岱稜,TPEX,2007-05-28
3306,鼎天,TPEX,2005-07-05
3310,佳穎,TPEX,2008-06-27
3313,斐成,TPEX,2006-05-29
3317,尼克森,TPEX,2007-08-09
3322,建舜電,TPEX,2009-05-20
3323,加百裕,TPEX,2007-06-25
3324,雙鴻,TPEX,2005-05-13
3325,旭品,TPEX,2005-08-15
3332,幸康,TPEX,2008-01-24
3339,泰谷,TPEX,2006-06-27
3349,寶德,TPEX,2022-03-23
3354,律勝,TPEX,2005-12-08
3357,臺慶科,TPEX,2021-04-27
3360,尚立,TPEX,2006-06-06
3362,先進光,TPEX,2005-09-06
3363,上詮,TPEX,2011-02-25
3372,典範,TPEX,2005-12-16
3373,熱映,TPEX,2007-12-13
3374,精材,TPEX,2015-03-30
3379,彬台,TPEX,2011-10-20
3388,崇越電,TPEX,2006-02-22
3390,旭軟,TPEX,2006-02-22
3402,漢科,TPEX,2007-01-09
3426,台興,TPEX,2016-12-21
3430,奇鈦科,TPEX,2022-09-08
3434,哲固,TPEX,2008-01-28
3438,類比科,TPEX,2006-07-19
3441,聯一光,TPEX,2010-10-04
3444,利機,TPEX,2008-09-26
3455,由田,TPEX,2007-12-27
3465,進泰電子,TPEX,2008-01-28
3466,德晉,TPEX,2006-05-17
3467,台灣精材,TPEX,2025-03-25
3479,安勤,TPEX,2010-06-08
3483,力致,TPEX,2006-12-18
3484,崧騰,TPEX,2007-11-09
3489,森寶,TPEX,2007-09-29
3490,單井,TPEX,2007-10-15
3491,昇達科,TPEX,2008-01-03
3492,長盛,TPEX,2015-05-18
3498,陽程,TPEX,2007-09-11
3499,環天科,TPEX,2006-10-19
3508,位速,TPEX,2007-10-17
3511,矽瑪,TPEX,2009-02-16
3512,皇龍,TPEX,2007-07-25
3516,亞帝歐,TPEX,2007-11-29
3520,華盈,TPEX,2007-10-12
3521,鴻翊,TPEX,2007-08-07
3522,御嵿,TPEX,2007-10-15
3523,迎輝,TPEX,2007-11-16
3526,凡甲,TPEX,2007-11-02
3527,聚積,TPEX,2007-10-29
3529,力旺,TPEX,2011-01-24
3531,先益,TPEX,2008-04-08
3537,堡達,TPEX,2010-01-25
3540,曜越,TPEX,2007-12-12
3541,西柏,TPEX,2009-12-22
3546,宇峻,TPEX,2008-04-18
3548,兆利,TPEX,2008-03-27
3551,世禾,TPEX,2008-04-15
3552,同致,TPEX,2009-01-07
3555,博士旺,TPEX,2011-11-08
3556,禾瑞亞,TPEX,2008-04-15
3558,神準,TPEX,2013-12-30
3564,其陽,TPEX,2013-12-03
3567,逸昌,TPEX,2010-11-22
3570,大塚,TPEX,2008-10-23
3577,泓格,TPEX,2009-01-06
3580,友威科,TPEX,2010-07-09
3581,博磊,TPEX,2015-01-20
3587,閎康,TPEX,2009-08-18
3594,磐儀,TPEX,2013-05-07
3597,映興,TPEX,2020-03-09
3609,三一東林,TPEX,2011-01-11
3611,鼎翰,TPEX,2008-11-26
3615,安可,TPEX,2009-04-15
3623,富晶通,TPEX,2010-04-28
3624,光頡,TPEX,2011-03-16
3625,西勝,TPEX,2009-10-28
3628,盈正,TPEX,2010-09-09
3629,地心引力,TPEX,2010-05-27
3630,新鉅科,TPEX,2010-04-26
3631,晟楠,TPEX,2010-12-20
3632,研勤,TPEX,2011-01-11
3646,艾恩特,TPEX,2012-03-27
3663,鑫科,TPEX,2012-11-20
3664,安瑞-KY,TPEX,2010-06-24
3666,光耀,TPEX,2014-12-04
3672,康聯訊,TPEX,2015-04-20
3675,德微,TPEX,2012-06-29
3680,家登,TPEX,2011-08-31
3684,榮昌,TPEX,2014-03-28
3685,元創精密,TPEX,2010-12-08
3687,歐買尬,TPEX,2011-01-11
3689,湧德,TPEX,2012-10-18
3691,碩禾,TPEX,2010-11-18
3693,營邦,TPEX,2013-11-27
3707,漢磊,TPEX,2014-10-01
3709,鑫聯大投控,TPEX,2017-09-01
3710,連展投控,TPEX,2017-12-29
3713,新晶投控,TPEX,2020-02-27
4102,永日,TPEX,2001-03-20
4105,東洋,TPEX,2001-09-27
4107,邦特,TPEX,2002-03-04
4109,加捷生醫,TPEX,2002-08-08
4111,濟生,TPEX,1999-03-06
4113,聯上,TPEX,2003-07-22
4114,健喬,TPEX,2003-05-12
4116,明基醫,TPEX,2015-12-16
4120,友華,TPEX,2003-11-05
4121,優盛,TPEX,2003-07-25
4123,晟德,TPEX,2003-10-07
4126,太醫,TPEX,2004-02-09
4127,天良,TPEX,2005-07-29
4128,中天,TPEX,2006-06-09
4129,聯合,TPEX,2004-09-29
4130,健亞,TPEX,2012-01-12
4131,浩泰,TPEX,2004-04-09
4138,曜亞,TPEX,2010-12-29
4139,馬光-KY,TPEX,2011-04-29
4147,中裕,TPEX,2015-11-23
4153,鈺緯,TPEX,2013-05-23
4154,樂威科-KY,TPEX,2011-12-28
4157,太景*-KY,TPEX,2014-01-17
4160,訊聯基因,TPEX,2012-09-17
4161,聿新科,TPEX,2013-06-26
4162,智擎,TPEX,2012-09-18
4163,鐿鈦,TPEX,2012-11-15
4166,友霖,TPEX,2025-08-21
4167,松瑞藥,TPEX,2015-09-08
4168,醣聯,TPEX,2012-12-18
4171,瑞基,TPEX,2014-08-14
4173,久裕,TPEX,2013-10-31
4174,浩鼎,TPEX,2015-03-23
4175,杏一,TPEX,2014-04-23
4183,福永生技,TPEX,2017-03-09
4188,安克,TPEX,2015-03-24
4192,杏國,TPEX,2014-10-28
4198,欣大健康,TPEX,2014-12-23
4205,中華食,TPEX,1999-01-31
4207,環泰,TPEX,2000-01-21
4303,信立,TPEX,1999-03-10
4304,勝昱,TPEX,2000-01-27
4305,世坤,TPEX,2000-09-28
4401,東隆興,TPEX,1996-05-09
4402,郡都開發,TPEX,1997-07-23
4406,新昕纖,TPEX,1999-01-14
4413,飛寶企業,TPEX,1999-07-29
4416,三圓,TPEX,2000-05-06
4417,金洲,TPEX,2000-11-07
4419,皇家美食,TPEX,2001-06-26
4420,光明,TPEX,2002-04-18
4430,耀億,TPEX,2011-06-09
4432,銘旺實,TPEX,2012-11-26
4433,興采,TPEX,2014-11-03
4442,竣邦-KY,TPEX,2023-11-29
4502,健信,TPEX,1995-12-12
4503,金雨,TPEX,1996-12-19
4506,崇友,TPEX,1997-12-06
4510,高鋒,TPEX,1998-02-24
4513,福裕,TPEX,1998-03-25
4523,永彰,TPEX,1999-11-22
4527,方土霖,TPEX,2000-09-28
4528,江興鍛,TPEX,2001-02-12
4529,淳紳,TPEX,2001-05-04
4533,協易機,TPEX,2002-04-26
4534,慶騰,TPEX,2003-03-31
4535,至興,TPEX,2003-04-16
4538,大詠城,TPEX,2019-01-15
4541,晟田,TPEX,2014-07-22
4542,科嶠,TPEX,2014-08-25
4543,萬在,TPEX,2016-03-15
4549,桓達,TPEX,2014-11-27
4550,長佳,TPEX,2015-03-18
4554,橙的,TPEX,2016-08-05
4556,旭然,TPEX,2015-12-22
4558,寶緯,TPEX,2022-03-17
4561,健椿,TPEX,2018-06-11
4563,百德,TPEX,2018-07-12
4568,科際精密,TPEX,2018-10-03
4577,達航科技,TPEX,2022-06-14
4580,捷流閥業,TPEX,2020-01-06
4584,君帆,TPEX,2022-10-05
4609,唐鋒,TPEX,2000-05-19
4702,中美實,TPEX,1995-04-21
4706,大恭,TPEX,1998-04-17
4707,磐亞,TPEX,1998-05-20
4711,永純,TPEX,1999-02-24
4714,永捷,TPEX,2000-03-27
4716,大立,TPEX,2000-03-27
4721,美琪瑪,TPEX,2001-03-09
4726,永昕,TPEX,2013-12-25
4728,雙美,TPEX,2012-01-10
4729,熒茂,TPEX,2009-02-24
4735,豪展,TPEX,2011-08-16
4741,泓瀚,TPEX,2017-09-26
4743,合一,TPEX,2011-09-23
4744,皇將,TPEX,2018-07-12
4745,合富-KY,TPEX,2013-01-30
4747,強生,TPEX,2013-12-25
4749,新應材,TPEX,2025-01-17
4754,國碳科,TPEX,2016-09-28
4760,勤凱,TPEX,2019-03-21
4767,誠泰科技,TPEX,2018-10-29
4768,晶呈科技,TPEX,2022-04-13
4772,台特化,TPEX,2024-09-20
4804,大略-KY,TPEX,2015-12-04
4806,桂田文創,TPEX,2016-03-09
4903,聯光通,TPEX,2001-05-14
4905,台聯電,TPEX,2001-12-07
4907,富宇,TPEX,2002-03-04
4908,前鼎,TPEX,2002-02-27
4909,新復興,TPEX,2002-11-28
4911,德英,TPEX,2011-03-21
4923,力士,TPEX,2022-03-14
4924,欣厚-KY,TPEX,2011-10-18
4931,新盛力,TPEX,2019-09-17
4933,友輝,TPEX,2011-07-29
4939,亞電,TPEX,2011-09-19
4946,辣椒,TPEX,2011-06-10
4950,金耘國際,TPEX,2012-04-27
4951,精拓科,TPEX,2022-11-03
4953,緯軟,TPEX,2014-01-08
4966,譜瑞-KY,TPEX,2011-09-13
4971,IET-KY,TPEX,2013-07-24
4972,湯石照明,TPEX,2013-06-17
4973,廣穎,TPEX,2012-06-19
4974,亞泰,TPEX,2011-11-29
4979,華星光,TPEX,2011-12-12
4987,科誠,TPEX,2012-03-21
4991,環宇-KY,TPEX,2014-09-15
4995,晶達,TPEX,2012-05-09
5009,榮剛,TPEX,1998-10-17
5011,久陽,TPEX,1999-05-06
5013,強新,TPEX,2000-05-08
5014,建錩,TPEX,2001-02-15
5015,華祺,TPEX,2000-12-15
5016,松和,TPEX,2001-03-05
5201,凱衛,TPEX,2000-10-12
5202,力新,TPEX,2000-10-18
5205,中茂,TPEX,2001-05-14
5206,坤悅,TPEX,2001-10-08
5209,新鼎,TPEX,2002-02-25
5210,寶碩,TPEX,2002-04-25
5211,蒙恬,TPEX,2002-12-23
5212,凌網,TPEX,2003-03-24
5213,亞昕,TPEX,2003-04-24
5220,萬達光電,TPEX,2018-04-26
5223,安力-KY,TPEX,2018-07-02
5227,立凱-KY,TPEX,2013-12-09
5228,鈺鎧,TPEX,2022-05-20
5230,雷笛克光學,TPEX,2012-06-05
5236,凌陽創新,TPEX,2021-07-29
5245,智晶,TPEX,2015-05-25
5251,天鉞電,TPEX,2012-11-26
5263,智崴,TPEX,2012-12-18
5272,笙科,TPEX,2013-05-30
5274,信驊,TPEX,2013-04-30
5276,達輝-KY,TPEX,2014-06-12
5278,尚凡*,TPEX,2013-06-04
5287,數字,TPEX,2014-01-20
5289,宜鼎,TPEX,2013-11-27
5291,邑昇,TPEX,2014-12-23
5299,杰力,TPEX,2018-01-23
5301,寶得利,TPEX,1990-06-25
5302,太欣,TPEX,1991-01-17
5309,系統電,TPEX,1996-03-18
5310,天剛,TPEX,1996-04-09
5312,寶島科,TPEX,1996-05-25
5314,世紀*,TPEX,1996-09-16
5315,光聯,TPEX,1996-11-02
5321,美而快,TPEX,1996-12-30
5324,士開,TPEX,1997-01-30
5328,華容,TPEX,1997-08-28
5340,建榮,TPEX,1998-01-20
5344,立衛,TPEX,1998-03-23
5345,馥鴻,TPEX,1998-03-23
5347,世界,TPEX,1998-03-25
5348,正能量智能,TPEX,1998-04-29
5351,鈺創,TPEX,1998-05-15
5353,台林,TPEX,1998-05-18
5355,佳總,TPEX,1998-06-23
5356,協益,TPEX,1998-07-20
5364,力麗店,TPEX,1998-12-07
5371,中光電,TPEX,1999-01-20
5381,合正,TPEX,1999-03-19
5386,青雲,TPEX,1999-05-13
5392,能率,TPEX,1999-06-14
5398,慕康生醫,TPEX,1999-10-11
5403,中菲,TPEX,1999-10-15
5410,國眾,TPEX,1999-11-26
5425,台半,TPEX,2000-02-21
5426,振發,TPEX,2000-02-09
5432,新門,TPEX,2000-03-21
5438,東友,TPEX,2000-06-17
5439,高技,TPEX,2000-06-26
5443,均豪,TPEX,1998-02-09
5450,南良,TPEX,2000-08-22
5452,佶優,TPEX,2000-10-02
5455,昇益,TPEX,2000-10-19
5457,宣德,TPEX,2000-09-29
5460,同協,TPEX,2000-09-28
5464,霖宏,TPEX,2000-11-08
5465,富驊,TPEX,2000-11-08
5468,凱鈺,TPEX,2001-01-17
5474,聰泰,TPEX,2001-03-20
5475,德宏,TPEX,2001-01-16
5478,智冠,TPEX,2001-03-29
5481,新華,TPEX,2001-04-27
5483,中美晶,TPEX,2001-03-02
5487,通泰,TPEX,2001-02-20
5488,松普,TPEX,2001-03-12
5489,彩富,TPEX,2001-03-12
5490,同亨,TPEX,2001-05-14
5493,三聯,TPEX,2001-05-03
5498,凱崴,TPEX,2001-03-29
5508,永信建,TPEX,1998-05-13
5511,德昌,TPEX,1998-12-09
5512,力麒,TPEX,1998-12-04
5514,三豐,TPEX,1998-12-29
5516,雙喜,TPEX,1999-03-23
5520,力泰,TPEX,1999-10-27
5523,豐謙,TPEX,1999-12-27
5529,鉅陞,TPEX,1996-01-12
5530,龍巖,TPEX,2000-10-04
5536,聖暉*,TPEX,2010-11-10
5543,桓鼎-KY,TPEX,2016-05-09
5548,安倉,TPEX,2024-03-18
5601,台聯櫃,TPEX,1994-11-24
5603,陸海,TPEX,1997-01-25
5604,中連,TPEX,1997-05-22
5609,中菲行,TPEX,2001-10-15
5701,劍湖山,TPEX,1998-03-12
5703,亞都,TPEX,1999-06-15
5704,老爺知,TPEX,1999-12-21
5864,致和證,TPEX,2018-04-02
5878,台名,TPEX,2014-10-28
5902,德記,TPEX,1998-02-07
5903,全家,TPEX,2002-02-25
5904,寶雅,TPEX,2002-09-06
5905,南仁湖,TPEX,2003-06-17
6015,宏遠證,TPEX,1996-07-25
6016,康和證,TPEX,1996-12-04
6020,大展證,TPEX,2003-01-23
6021,美好證,TPEX,2003-04-21
6023,元大期,TPEX,2007-11-28
6026,福邦證,TPEX,2016-01-27
6101,寬魚國際,TPEX,2001-03-29
6103,合邦,TPEX,2001-05-07
6104,創惟,TPEX,2001-05-22
6109,亞元,TPEX,2001-07-26
6111,大宇資,TPEX,2001-08-08
6113,亞矽,TPEX,2001-08-10
6114,久威,TPEX,2001-09-27
6118,建達,TPEX,2001-10-25
6121,新普,TPEX,2001-11-27
6122,擎邦,TPEX,2000-07-14
6123,上奇,TPEX,2002-01-23
6124,業強,TPEX,2002-03-19
6125,廣運,TPEX,2002-01-23
6126,信音,TPEX,2002-01-18
6127,九豪,TPEX,2002-01-10
6129,普誠,TPEX,2001-12-25
6130,上亞科技,TPEX,2002-03-26
6134,萬旭,TPEX,2002-01-08
6138,茂達,TPEX,2002-01-18
6140,訊達,TPEX,2002-02-04
6143,振曜,TPEX,2002-01-28
6144,得利影,TPEX,2002-01-23
6146,耕興,TPEX,2002-01-23
6147,頎邦,TPEX,2002-01-31
6148,驊宏資,TPEX,2002-02-01
6150,撼訊,TPEX,2002-03-11
6151,晉倫,TPEX,2002-02-25
6154,順發,TPEX,2002-02-18
6156,松上,TPEX,2002-02-19
6158,禾昌,TPEX,2002-02-19
6160,欣技,TPEX,2002-03-01
6161,捷波,TPEX,2002-03-01
6163,華電網,TPEX,2002-03-19
6167,久正,TPEX,2002-03-26
6169,昱泉,TPEX,2002-03-22
6170,統振,TPEX,2002-04-16
6171,大城地產,TPEX,2002-04-22
6173,信昌電,TPEX,2002-04-19
6174,安碁,TPEX,2002-05-02
6175,立敦,TPEX,2002-06-10
6179,亞通,TPEX,2002-05-17
6180,橘子,TPEX,2002-05-21
6182,合晶,TPEX,2002-05-16
6185,幃翔,TPEX,2002-08-09
6186,新潤,TPEX,2002-08-02
6187,萬潤,TPEX,2002-09-27
6188,廣明,TPEX,2002-08-27
6190,萬泰科,TPEX,1998-02-04
6194,育富,TPEX,2002-12-05
6195,詩肯,TPEX,2002-10-21
6198,瑞築,TPEX,2002-12-26
6199,天品,TPEX,2016-10-07
6203,海韻電,TPEX,2002-12-26
6204,艾華,TPEX,2002-11-13
6207,雷科,TPEX,2002-12-23
6208,日揚,TPEX,2002-12-23
6210,慶生,TPEX,2003-02-14
6212,理銘,TPEX,2002-12-26
6217,中探針,TPEX,2003-01-09
6218,豪勉,TPEX,2003-01-14
6219,富旺,TPEX,2003-02-26
6220,岳豐,TPEX,2003-01-09
6221,晉泰,TPEX,2003-01-06
6222,立軒,TPEX,2003-01-09
6223,旺矽,TPEX,2003-01-06
6227,茂綸,TPEX,2003-01-14
6228,全譜,TPEX,2003-01-21
6229,研通,TPEX,2003-01-14
6231,系微,TPEX,2003-01-23
6233,旺玖,TPEX,2003-02-20
6234,高僑,TPEX,2003-03-12
6236,中湛,TPEX,2003-03-31
6237,驊訊,TPEX,2003-04-21
6240,松崗,TPEX,2003-05-30
6241,易通展,TPEX,2003-04-08
6242,立康,TPEX,2003-04-23
6244,茂迪,TPEX,2003-05-15
6245,立端,TPEX,2003-05-19
6246,臺龍,TPEX,2003-06-18
6248,沛波,TPEX,2003-09-03
6259,百徽,TPEX,2003-09-17
6261,久元,TPEX,2004-03-29
6263,普萊德,TPEX,2003-09-17
6264,富裔,TPEX,2004-02-24
6265,方土昶,TPEX,2003-10-24
6266,泰詠,TPEX,2004-04-29
6270,倍微,TPEX,2003-09-17
6274,台燿,TPEX,2003-12-18
6275,元山,TPEX,2004-12-23
6276,安鈦克,TPEX,2003-10-30
6279,胡連,TPEX,2003-11-26
6284,佳邦,TPEX,2004-06-29
6290,良維,TPEX,2005-06-03
6291,沛亨,TPEX,2004-01-28
6292,迅德,TPEX,2003-11-26
6294,智基,TPEX,2004-01-13
6411,晶焱,TPEX,2014-03-11
6417,韋僑,TPEX,2015-10-08
6418,詠昇,TPEX,2019-02-18
6419,京晨科,TPEX,2014-12-29
6425,易發,TPEX,2019-01-18
6432,今展科,TPEX,2015-05-20
6435,大中,TPEX,2016-01-07
6441,廣錠,TPEX,2017-09-27
6461,益得,TPEX,2018-03-28
6462,神盾,TPEX,2015-12-23
6465,威潤,TPEX,2015-11-20
6469,大樹,TPEX,2016-03-30
6470,宇智,TPEX,2015-11-03
6474,華豫寧,TPEX,2025-11-25
6482,弘煜科,TPEX,2016-06-13
6485,點序,TPEX,2015-11-17
6486,互動,TPEX,2016-09-13
6488,環球晶,TPEX,2015-09-25
6492,生華科,TPEX,2017-04-24
6494,九齊,TPEX,2016-05-09
6496,科懋,TPEX,2016-01-07
6498,久禾光,TPEX,2025-05-20
6499,益安,TPEX,2016-07-27
6506,雙邦,TPEX,2011-05-03
6508,惠光,TPEX,2004-03-22
6509,聚和,TPEX,2004-04-12
6510,精測,TPEX,2016-03-24
6512,啟發電,TPEX,2016-03-25
6516,勤崴國際,TPEX,2019-05-06
6517,保勝光學,TPEX,2022-12-15
6523,達爾膚,TPEX,2016-06-16
6527,明達醫,TPEX,2019-12-25
6530,創威,TPEX,2018-01-23
6532,瑞耘,TPEX,2016-09-26
6535,順藥,TPEX,2016-09-26
6538,倉和,TPEX,2016-10-21
6542,隆中,TPEX,2016-09-08
6546,正基,TPEX,2022-05-24
6547,高端疫苗,TPEX,2018-04-17
6548,長科*,TPEX,2016-09-13
6556,勝品,TPEX,2017-10-31
6560,欣普羅,TPEX,2017-01-24
6561,是方,TPEX,2018-06-05
6568,宏觀,TPEX,2016-12-28
6569,醫揚,TPEX,2016-12-21
6570,維田,TPEX,2017-12-11
6574,霈方,TPEX,2017-09-04
6576,逸達,TPEX,2018-06-29
6577,勁豐,TPEX,2017-03-21
6578,達邦蛋白,TPEX,2018-09-18
6584,南俊國際,TPEX,2023-05-18
6588,東典光電,TPEX,2020-07-01
6590,普鴻,TPEX,2018-12-24
6593,台灣銘板,TPEX,2017-11-03
6596,寬宏藝術,TPEX,2018-01-04
6597,立誠,TPEX,2025-05-08
6603,富強鑫,TPEX,2004-04-05
6609,瀧澤科,TPEX,2003-09-23
6612,奈米醫材,TPEX,2018-07-18
6613,朋億*,TPEX,2017-12-28
6615,慧智,TPEX,2018-01-22
6616,特昇-KY,TPEX,2018-01-10
6617,共信-KY,TPEX,2024-06-18
6624,萬年清,TPEX,2019-05-28
6629,泰金-KY,TPEX,2019-06-06
6637,醫影,TPEX,2024-06-18
6640,均華,TPEX,2018-10-23
6642,富致,TPEX,2019-09-23
6643,M31,TPEX,2019-01-23
6649,台生材,TPEX,2019-06-05
6651,全宇昕,TPEX,2021-02-01
6654,天正國際,TPEX,2018-10-23
6661,威健生技,TPEX,2021-01-27
6662,樂斯科,TPEX,2019-03-26
6664,群翊,TPEX,2018-09-12
6667,信紘科,TPEX,2018-11-13
6679,鈺太,TPEX,2019-05-09
6680,鑫創電子,TPEX,2019-09-16
6683,雍智科技,TPEX,2019-04-23
6684,安格,TPEX,2021-08-11
6690,安碁資訊,TPEX,2019-10-30
6692,進能服,TPEX,2024-02-02
6693,廣閎科,TPEX,2022-03-01
6697,東捷資訊,TPEX,2019-12-26
6703,軒郁,TPEX,2020-10-20
6708,天擎,TPEX,2022-12-29
6712,長聖,TPEX,2021-01-08
6716,應廣,TPEX,2020-03-27
6720,久昌,TPEX,2024-12-04
6721,信實,TPEX,2022-04-29
6727,亞泰金屬,TPEX,2020-12-01
6728,上洋,TPEX,2020-12-25
6730,常廣,TPEX,2025-12-10
6732,昇佳電子,TPEX,2020-06-08
6733,博晟生醫,TPEX,2021-01-28
6735,美達科技,TPEX,2022-04-29
6739,竹陞科技,TPEX,2024-09-02
6741,91APP*-KY,TPEX,2021-05-25
6751,智聯服務,TPEX,2020-12-25
6752,叡揚,TPEX,2020-12-10
6761,穩得,TPEX,2021-11-08
6762,達亞,TPEX,2020-12-18
6763,綠界科技*,TPEX,2022-03-15
6767,台微醫,TPEX,2021-01-25
6785,昱展新藥,TPEX,2024-01-24
6788,華景電,TPEX,2021-09-29
6791,虎門科技,TPEX,2022-11-14
6803,崑鼎,TPEX,2010-05-27
6804,明係,TPEX,2022-03-31
6811,宏碁資訊,TPEX,2022-08-09
6821,聯寶,TPEX,2023-05-22
6823,濾能,TPEX,2022-06-30
6829,千附精密,TPEX,2022-03-11
6840,東研信超,TPEX,2023-03-24
6841,長佳智能,TPEX,2023-03-01
6843,進典,TPEX,2022-11-21
6844,諾貝兒,TPEX,2024-03-08
6846,綠茵,TPEX,2023-05-15
6855,數泓科,TPEX,2022-10-06
6856,鑫傳,TPEX,2023-10-27
6859,伯特光,TPEX,2022-11-28
6865,偉康科技,TPEX,2023-01-11
6870,騰雲,TPEX,2023-09-14
6872,浩宇生醫,TPEX,2025-03-07
6874,倍力,TPEX,2022-12-14
6875,國邑*,TPEX,2024-03-26
6877,鏵友益,TPEX,2023-06-16
6881,潤德,TPEX,2024-05-21
6884,海柏特,TPEX,2025-12-17
6894,衛司特,TPEX,2023-11-29
6895,宏碩系統,TPEX,2023-08-22
6899,創為精密,TPEX,2024-04-08
6903,巨漢,TPEX,2024-06-12
6904,伯鑫,TPEX,2023-12-05
6910,德鴻,TPEX,2025-12-11
6913,鴻呈,TPEX,2024-10-01
6922,宸曜,TPEX,2023-11-09
6925,意藍,TPEX,2025-05-28
6929,佑全,TPEX,2024-03-28
6953,家碩,TPEX,2024-05-13
6967,汎瑋材料,TPEX,2024-09-25
6968,萬達寵物,TPEX,2024-08-14
6971,惠民實業,TPEX,2025-10-02
6982,大井泵浦,TPEX,2024-12-18
6996,力領科技,TPEX,2024-12-10
6997,博弘,TPEX,2024-12-16
7402,邑錡,TPEX,2015-12-29
7547,碩網,TPEX,2025-07-29
7556,意德士,TPEX,2020-10-30
7584,樂意,TPEX,2024-07-25
7642,昶瑞機電,TPEX,2025-05-22
7703,銳澤,TPEX,2024-11-13
7704,明遠精密,TPEX,2024-12-16
7708,全家餐飲,TPEX,2024-11-15
7709,榮田,TPEX,2025-02-25
7712,博盛半導體,TPEX,2024-12-26
7713,威力德生醫,TPEX,2025-02-24
7714,創泓科技,TPEX,2025-01-15
7715,裕山,TPEX,2025-01-15
7716,昱臺國際,TPEX,2025-10-28
7717,萊德光電-KY,TPEX,2025-11-17
7718,友鋮,TPEX,2025-03-18
7723,築間,TPEX,2025-04-30
7728,光焱科技,TPEX,2025-03-06
7734,印能科技,TPEX,2025-02-26
7738,東聯互動,TPEX,2025-10-16
7743,金利食安,TPEX,2025-05-20
7744,崴寶,TPEX,2025-11-27
7747,昕奇雲端,TPEX,2025-07-11
7751,竑騰,TPEX,2025-08-26
7753,星亞,TPEX,2025-08-11
7757,金色三麥,TPEX,2025-10-20
7767,仁大資訊,TPEX,2025-12-10
7770,君曜,TPEX,2025-12-10
7782,光速火箭,TPEX,2025-10-28
8024,佑華,TPEX,2006-09-25
8027,鈦昇,TPEX,2015-06-09
8032,光菱,TPEX,2003-10-02
8034,榮群,TPEX,2004-05-06
8038,長園科,TPEX,2013-11-21
8040,九暘,TPEX,2007-04-30
8042,金山電,TPEX,2004-03-22
8043,蜜望實,TPEX,2003-10-24
8044,網家,TPEX,2005-01-24
8047,星雲,TPEX,2004-02-09
8048,德勝,TPEX,2009-09-08
8049,晶采,TPEX,2004-02-02
8050,廣積,TPEX,2003-10-24
8054,安國,TPEX,2004-11-08
8059,凱碩,TPEX,2010-03-16
8064,東捷,TPEX,2006-09-25
8066,來思達,TPEX,2004-12-24
8067,志旭,TPEX,2004-04-23
8068,全達,TPEX,2004-03-25
8069,元太,TPEX,2004-03-30
8071,能率網通,TPEX,2003-12-29
8074,鉅橡,TPEX,2004-01-27
8076,伍豐,TPEX,2003-12-15
8077,洛碁,TPEX,2004-12-06
8080,泰霖,TPEX,2004-05-10
8083,瑞穎,TPEX,2004-09-23
8084,巨虹,TPEX,2004-03-08
8085,福華,TPEX,2004-03-01
8086,宏捷科,TPEX,2009-06-01
8087,麗升能源,TPEX,2004-02-25
8088,品安,TPEX,2004-02-27
8089,康全電訊,TPEX,2020-09-23
8091,翔名,TPEX,2004-06-24
8092,建暐,TPEX,2004-02-02
8093,保銳,TPEX,2004-12-31
8096,擎亞,TPEX,2004-07-15
8097,常珵,TPEX,2004-03-01
8099,大世科,TPEX,2004-03-29
8107,大億金茂,TPEX,2005-11-15
8109,博大,TPEX,2005-03-22
8111,立碁,TPEX,2004-02-09
8121,越峰,TPEX,2005-02-17
8147,正淩,TPEX,2013-04-30
8155,博智,TPEX,2012-12-18
8171,天宇,TPEX,2011-12-19
8176,智捷,TPEX,2013-06-25
8182,加高,TPEX,2006-05-25
8183,精星,TPEX,2005-03-30
8227,巨有科技,TPEX,2022-12-20
8234,新漢,TPEX,2007-06-07
8240,華宏,TPEX,2005-06-23
8255,朋程,TPEX,2006-04-25
8272,全景軟體,TPEX,2024-10-23
8277,商丞,TPEX,2004-12-27
8279,生展,TPEX,2016-09-26
8284,三竹,TPEX,2020-05-18
8289,泰藝,TPEX,2008-04-24
8299,群聯,TPEX,2004-12-06
8342,益張,TPEX,2017-11-23
8349,恒耀,TPEX,2006-03-10
8354,冠好,TPEX,2004-04-15
8358,金居,TPEX,2010-09-27
8383,千附,TPEX,2004-09-10
8390,金益鼎,TPEX,2008-05-21
8401,白紗科,TPEX,2010-03-29
8403,盛弘,TPEX,2011-03-01
8409,商之器,TPEX,2013-11-25
8410,森田,TPEX,2011-02-23
8415,大國鋼,TPEX,2016-09-07
8416,實威,TPEX,2012-09-19
8421,旭源,TPEX,2012-11-23
8423,保綠-KY,TPEX,2012-03-14
8424,惠普,TPEX,2012-12-18
8426,紅木-KY,TPEX,2011-12-13
8431,匯鑽科,TPEX,2015-03-30
8432,東生華,TPEX,2012-04-30
8433,弘帆,TPEX,2012-12-19
8435,鉅邁,TPEX,2012-12-28
8436,大江,TPEX,2013-09-12
8437,大地-KY,TPEX,2015-05-06
8440,綠電,TPEX,2018-03-28
8444,綠河-KY,TPEX,2015-10-27
8446,華研,TPEX,2013-12-19
8450,霹靂,TPEX,2014-10-07
8455,大拓-KY,TPEX,2016-01-08
8472,夠麻吉,TPEX,2016-01-11
8477,創業家,TPEX,2016-10-31
8489,三貝德,TPEX,2017-04-27
8905,裕國,TPEX,1996-01-31
8906,花王,TPEX,1996-04-23
8908,欣雄,TPEX,1997-02-14
8916,光隆,TPEX,1999-04-20
8917,欣泰,TPEX,1999-05-06
8921,沈氏,TPEX,2000-03-21
8923,時報,TPEX,1999-12-27
8924,大田,TPEX,2000-02-09
8927,北基,TPEX,2000-11-02
8928,鉅明,TPEX,2001-02-02
8929,富堡,TPEX,2000-11-30
8930,青鋼,TPEX,2000-12-06
8931,大汽電,TPEX,2001-05-10
8932,智通*,TPEX,2001-03-29
8933,愛地雅,TPEX,2001-03-28
8935,邦泰,TPEX,2002-03-26
8936,國統,TPEX,2002-09-09
8937,合騏,TPEX,2002-10-29
8938,明安,TPEX,2002-12-02
8941,關中,TPEX,2003-01-20
8942,森鉅,TPEX,2003-05-16
9949,琉園,TPEX,2003-11-21
9950,萬國通,TPEX,2004-02-17
9951,皇田,TPEX,2003-12-18
9960,邁達康,TPEX,2004-12-06
9962,有益,TPEX,2006-07-10
